Row Labels,Average of Est_Size_Best
2019_10,1.333333333
2019_11,1
2019_7,1
2019_8,1
2019_9,1.142857143
2020_11,1
2020_6,2.5
2020_7,1.875
2020_8,4.25
2020_9,2
(blank),
Grand Total,1.80952381
,
,
2019_7,1
2019_8,1
2019_9,1.142857143
2019_10,1.333333333
2019_11,1
2020_6,2.5
2020_7,1.875
2020_8,4.25
2020_9,2
2020_10,0
2020_11,1
